{
  "strategy": "hybrid",
  "summary": {
    "meanRecallAt5": 0.8458333333333332,
    "meanRecallAt10": 0.9333333333333332,
    "mrr": 0.95,
    "queriesWithZeroRecall": 0
  },
  "results": [
    {
      "query": "Elon Musk on Starship and rockets",
      "relevantCount": 8,
      "recallAt5": 0.625,
      "recallAt10": 1,
      "reciprocalRank": 1,
      "firstRelevantRank": 1,
      "retrievedIds": [
        "1979746018498654274",
        "2003906330000871463",
        "1992505464232546361",
        "2037363930956476575",
        "2033938785499771223",
        "2033669840138068046",
        "2036442923559165991",
        "2014599611948675140",
        "1978859366829662661",
        "2029512332481531934",
        "2037751946283819409",
        "2036882102420201832",
        "2034985811360260448",
        "2018368999046762948",
        "2035384304046338084",
        "2029771893994090861",
        "2031258660161335407",
        "2029635499854589971",
        "2038697353855787133",
        "2030998601565126765"
      ]
    },
    {
      "query": "Claude Code as a development tool",
      "relevantCount": 3,
      "recallAt5": 1,
      "recallAt10": 1,
      "reciprocalRank": 1,
      "firstRelevantRank": 1,
      "retrievedIds": [
        "2035077141050622173",
        "2038454336355999749",
        "2036850783526719610",
        "2029620984853188738",
        "2031393796462882838",
        "2035196764853072253",
        "2037188879422292467",
        "2030532098210283932",
        "2029825898619490468",
        "2030063199052255504",
        "2031488099725754821",
        "2036103232104354135",
        "2031753815125315657",
        "2036732439192596983",
        "2036845273117581676",
        "1999522042710822935",
        "2029930433568284973",
        "2035097210275185088",
        "2033642805009256624",
        "2029712691384963090"
      ]
    },
    {
      "query": "multi-agent orchestration in AI",
      "relevantCount": 2,
      "recallAt5": 1,
      "recallAt10": 1,
      "reciprocalRank": 1,
      "firstRelevantRank": 1,
      "retrievedIds": [
        "2036845273117581676",
        "2035384304046338084",
        "2037188879422292467",
        "2036732439192596983",
        "2030532098210283932",
        "2036677722400035067",
        "2031234832454324639",
        "2031056001399693374",
        "2032828515981341175",
        "2031753815125315657",
        "2036103232104354135",
        "2029635499854589971",
        "2035196764853072253",
        "2029620984853188738",
        "2033642805009256624",
        "2029825898619490468",
        "2030998601565126765",
        "2033570902626144611",
        "2030063199052255504",
        "2029512332481531934"
      ]
    },
    {
      "query": "how to develop good taste",
      "relevantCount": 1,
      "recallAt5": 1,
      "recallAt10": 1,
      "reciprocalRank": 1,
      "firstRelevantRank": 1,
      "retrievedIds": [
        "2033570076083753157",
        "2029512332481531934",
        "2037161165759840291",
        "2037469318552973628",
        "2038422425067745291",
        "2029930433568284973",
        "2032208844622033294",
        "2036103232104354135",
        "2033465040339349897",
        "1895585955144458389",
        "2036636322417213888",
        "2036113956188651645",
        "2035077141050622173",
        "2029712691384963090",
        "2033198345045336559",
        "1993632252425576708",
        "2039800708959191459",
        "2029595079011074171",
        "2031753815125315657",
        "2036141902312120495"
      ]
    },
    {
      "query": "design resources and tools for engineers",
      "relevantCount": 3,
      "recallAt5": 1,
      "recallAt10": 1,
      "reciprocalRank": 1,
      "firstRelevantRank": 1,
      "retrievedIds": [
        "2031044789731237907",
        "2035077141050622173",
        "2036850783526719610",
        "2036103232104354135",
        "2034332847893574080",
        "2031753815125315657",
        "2029712691384963090",
        "2035384304046338084",
        "2036882102420201832",
        "2035196764853072253",
        "2036442923559165991",
        "2036845273117581676",
        "1999522042710822935",
        "2037208643888963876",
        "2029930433568284973",
        "2031393796462882838",
        "2029825898619490468",
        "2036778116748542220",
        "2029635499854589971",
        "1993632252425576708"
      ]
    },
    {
      "query": "OpenAI GPT release news",
      "relevantCount": 1,
      "recallAt5": 1,
      "recallAt10": 1,
      "reciprocalRank": 1,
      "firstRelevantRank": 1,
      "retrievedIds": [
        "2029620984853188738",
        "2036677722400035067",
        "2029635499854589971",
        "2030063199052255504",
        "2033642805009256624",
        "2036732439192596983",
        "2031234832454324639",
        "2036845273117581676",
        "2030532098210283932",
        "2035384304046338084",
        "2033617732147810782",
        "2034332847893574080",
        "2036103232104354135",
        "2035196764853072253",
        "2034321852970262627",
        "2035097210275185088",
        "2034985811360260448",
        "2036882102420201832",
        "2031056001399693374",
        "2037188879422292467"
      ]
    },
    {
      "query": "bearish call on the stock market",
      "relevantCount": 2,
      "recallAt5": 0.5,
      "recallAt10": 1,
      "reciprocalRank": 1,
      "firstRelevantRank": 1,
      "retrievedIds": [
        "2018368999046762948",
        "2032561900509159548",
        "2029771893994090861",
        "2033435006354493577",
        "2033570902626144611",
        "2034633159409869069",
        "2010041448486580639",
        "2037223595882012882",
        "2031258660161335407",
        "2036936847029657820",
        "2037751946283819409",
        "2036141902312120495",
        "2035384304046338084",
        "1181905659568283648",
        "2030998601565126765",
        "2036677722400035067",
        "2033642805009256624",
        "2031234832454324639",
        "2032208844622033294",
        "2029623543118410009"
      ]
    },
    {
      "query": "advice on personal growth and mindset",
      "relevantCount": 3,
      "recallAt5": 0.3333333333333333,
      "recallAt10": 0.3333333333333333,
      "reciprocalRank": 0.5,
      "firstRelevantRank": 2,
      "retrievedIds": [
        "2033571479665746287",
        "2039800708959191459",
        "2029512332481531934",
        "2035384304046338084",
        "2030392419083259907",
        "2032208844622033294",
        "2033682638771482636",
        "2036113956188651645",
        "2036442923559165991",
        "2029595079011074171",
        "2038697353855787133",
        "2036845273117581676",
        "2033435006354493577",
        "2030998601565126765",
        "2036103232104354135",
        "2036141902312120495",
        "1895585955144458389",
        "2031056001399693374",
        "2035077141050622173",
        "2033570076083753157"
      ]
    },
    {
      "query": "Jensen Huang on what makes a great engineer",
      "relevantCount": 1,
      "recallAt5": 1,
      "recallAt10": 1,
      "reciprocalRank": 1,
      "firstRelevantRank": 1,
      "retrievedIds": [
        "2035384304046338084",
        "2036442923559165991",
        "2036845273117581676",
        "2033642805009256624",
        "2031258660161335407",
        "1895585955144458389",
        "2031044789731237907",
        "2036103232104354135",
        "2014599611948675140",
        "2036732439192596983",
        "2036677722400035067",
        "2029512332481531934",
        "2030998601565126765",
        "2036882102420201832",
        "2031056001399693374",
        "2032208844622033294",
        "2037751946283819409",
        "2035077141050622173",
        "2029825898619490468",
        "2018368999046762948"
      ]
    },
    {
      "query": "Anthropic SWE interview questions",
      "relevantCount": 1,
      "recallAt5": 1,
      "recallAt10": 1,
      "reciprocalRank": 1,