{
  "strategy": "keyword",
  "summary": {
    "meanRecallAt5": 0.4875,
    "meanRecallAt10": 0.8333333333333333,
    "mrr": 0.613452380952381,
    "queriesWithZeroRecall": 0
  },
  "results": [
    {
      "query": "Elon Musk on Starship and rockets",
      "relevantCount": 8,
      "recallAt5": 0.375,
      "recallAt10": 1,
      "reciprocalRank": 1,
      "firstRelevantRank": 1,
      "retrievedIds": [
        "2003906330000871463",
        "1979746018498654274",
        "2036442923559165991",
        "2029512332481531934",
        "2033669840138068046",
        "2037363930956476575",
        "2014599611948675140",
        "1992505464232546361",
        "1978859366829662661",
        "2033938785499771223"
      ]
    },
    {
      "query": "Claude Code as a development tool",
      "relevantCount": 3,
      "recallAt5": 0.3333333333333333,
      "recallAt10": 1,
      "reciprocalRank": 0.2,
      "firstRelevantRank": 5,
      "retrievedIds": [
        "2030532098210283932",
        "2037188879422292467",
        "2031393796462882838",
        "2029620984853188738",
        "2035077141050622173",
        "2035384304046338084",
        "2030063199052255504",
        "2038454336355999749",
        "2031488099725754821",
        "2036850783526719610",
        "2035196764853072253",
        "2031753815125315657",
        "2030998601565126765",
        "2029825898619490468",
        "2036845273117581676",
        "2036732439192596983",
        "2036103232104354135",
        "2034985811360260448",
        "2033570076083753157",
        "1999522042710822935"
      ]
    },
    {
      "query": "multi-agent orchestration in AI",
      "relevantCount": 2,
      "recallAt5": 0,
      "recallAt10": 0.5,
      "reciprocalRank": 0.14285714285714285,
      "firstRelevantRank": 7,
      "retrievedIds": [
        "2036732439192596983",
        "2036677722400035067",
        "2035384304046338084",
        "2030532098210283932",
        "2018368999046762948",
        "2036936847029657820",
        "2036845273117581676",
        "2034321852970262627",
        "2036103232104354135",
        "2034332847893574080",
        "2033617732147810782",
        "2032923328181350415",
        "2032828515981341175",
        "2031753815125315657",
        "2031234832454324639",
        "2031056001399693374",
        "2037188879422292467"
      ]
    },
    {
      "query": "how to develop good taste",
      "relevantCount": 1,
      "recallAt5": 1,
      "recallAt10": 1,
      "reciprocalRank": 1,
      "firstRelevantRank": 1,
      "retrievedIds": [
        "2033570076083753157",
        "2029512332481531934",
        "2030532098210283932",
        "2037161165759840291",
        "2032923328181350415",
        "2018368999046762948",
        "2029677953030795511"
      ]
    },
    {
      "query": "design resources and tools for engineers",
      "relevantCount": 3,
      "recallAt5": 0.6666666666666666,
      "recallAt10": 1,
      "reciprocalRank": 0.5,
      "firstRelevantRank": 2,
      "retrievedIds": [
        "2035384304046338084",
        "2034332847893574080",
        "2035077141050622173",
        "2031044789731237907",
        "2036442923559165991",
        "2036845273117581676",
        "2036850783526719610",
        "2030532098210283932",
        "2036103232104354135",
        "2029712691384963090",
        "2029620984853188738",
        "2031488099725754821",
        "2031753815125315657",
        "2035196764853072253",
        "2014599611948675140",
        "2037223595882012882",
        "2037188879422292467",
        "1999522042710822935",
        "2036882102420201832",
        "2034985811360260448"
      ]
    },
    {
      "query": "OpenAI GPT release news",
      "relevantCount": 1,
      "recallAt5": 0,
      "recallAt10": 1,
      "reciprocalRank": 0.16666666666666666,
      "firstRelevantRank": 6,
      "retrievedIds": [
        "2036677722400035067",
        "2030063199052255504",
        "2036778116748542220",
        "2033642805009256624",
        "2018368999046762948",
        "2029620984853188738",
        "2029635499854589971"
      ]
    },
    {
      "query": "bearish call on the stock market",
      "relevantCount": 2,
      "recallAt5": 0.5,
      "recallAt10": 0.5,
      "reciprocalRank": 1,
      "firstRelevantRank": 1,
      "retrievedIds": [
        "2018368999046762948",
        "2032561900509159548",
        "2035097210275185088",
        "2033435006354493577",
        "2033570902626144611",
        "2037188879422292467",
        "2031488099725754821",
        "2030528585207796074",
        "2036732439192596983",
        "2029771893994090861",
        "2034633159409869069"
      ]
    },
    {
      "query": "advice on personal growth and mindset",
      "relevantCount": 3,
      "recallAt5": 0,
      "recallAt10": 0.3333333333333333,
      "reciprocalRank": 0.125,
      "firstRelevantRank": 8,
      "retrievedIds": [
        "2035384304046338084",
        "2032923328181350415",
        "2010041448486580639",
        "2033571479665746287",
        "2029681964824023518",
        "2031812551080632396",
        "2029512332481531934",
        "2039800708959191459"
      ]
    },
    {
      "query": "Jensen Huang on what makes a great engineer",
      "relevantCount": 1,
      "recallAt5": 1,
      "recallAt10": 1,
      "reciprocalRank": 1,
      "firstRelevantRank": 1,
      "retrievedIds": [
        "2035384304046338084",
        "2036845273117581676",
        "1895585955144458389",
        "2036442923559165991",
        "2033193127708615034",
        "2031258660161335407",
        "2033642805009256624",
        "1979746018498654274",
        "2036732439192596983",
        "2014599611948675140",
        "2036677722400035067",
        "2036103232104354135",
        "2036113956188651645",
        "2035097210275185088",
        "2033570076083753157",
        "2031393796462882838",
        "2031488099725754821",
        "2031044789731237907",
        "1181905659568283648",
        "2037188879422292467"
      ]
    },
    {
      "query": "Anthropic SWE interview questions",
      "relevantCount": 1,
      "recallAt5": 1,
      "recallAt10": 1,
      "reciprocalRank": 1,
      "firstRelevantRank": 1,
      "retrievedIds": [
        "2031056001399693374",
        "2035384304046338084",
        "2018368999046762948",
        "2036442923559165991"
      ]
    }
  ]
}